1,59afca0c-a19c-4e41-ab7e-95dd0e9c651c,xcv,1,1,1.00,7,1,2024-02-16 08:18:20.014384 +00:00,,0 years 0 mons 0 days 0 hours 15 mins 0.0 secs,666666,222,223.2.2.1,37,,,,1,,false,0.00,
2,10fc1a9e-63df-4121-9429-da0ffe67fd76,sdfsdf,1,1,1.00,7,1,2024-02-16 07:57:29.197408 +00:00,,0 years 0 mons 0 days 0 hours 15 mins 0.0 secs,666666,222,223.2.2.1,37,,,,1,,false,0.00,
3,cecdcb5c-1edc-44dc-9fe1-8c02aa31146e,xcxcv,1,1,1.00,7,1,2024-02-16 08:11:55.172770 +00:00,,0 years 0 mons 0 days 0 hours 15 mins 0.0 secs,666666,222,223.2.2.1,37,,,,1,,false,0.00,
4,9f74e64a-bf2f-46b6-89f9-6477c5c4bf5a,sdfs,1,1,1.00,7,1,2024-02-16 08:17:41.931179 +00:00,,0 years 0 mons 0 days 0 hours 15 mins 0.0 secs,666666,222,223.2.2.1,37,,,,1,,false,0.00,
5,fa3a1d7e-5e91-44f3-b9cf-10ff86f0a636,21538,1,6,99.91,78,1,2024-02-13 18:51:38.000000 +00:00,2024-02-14 18:54:38.000000 +00:00,0 years 0 mons 0 days 0 hours 15 mins 0.0 secs,1234567890123456,5792,192.168.1.1,37,39,2,2024-02-14 18:57:38.000000 +00:00,1,,false,0.00,
6,3f80a609-f2a6-41e4-a4f3-afe734e316da,82662,1,6,26.22,53,1,2024-02-13 18:51:38.000000 +00:00,2024-02-14 18:54:38.000000 +00:00,0 years 0 mons 0 days 0 hours 15 mins 0.0 secs,1234567890123456,3420,192.168.1.1,37,19,2,2024-02-14 18:57:38.000000 +00:00,1,,false,0.00,
7,66afc3d7-e9ff-4221-9bb1-1ad521628a7d,drtgf,1,1,1.00,7,1,2024-02-16 08:12:21.925419 +00:00,,0 years 0 mons 0 days 0 hours 15 mins 0.0 secs,666666,222,223.2.2.1,37,,,,1,,false,0.00,
8,71c8fbfa-2990-4f6b-b582-e7a7a790b655,fgh,1,4,1.00,7,1,2024-02-14 13:38:10.656800 +00:00,,0 years 0 mons 0 days 0 hours 15 mins 0.0 secs,666666,222,223.2.2.1,37,19,2,,1,,false,0.00,
9,51597981-2811-42d9-83e1-fd22de3cf202,sdfsf,1,1,1.00,7,1,2024-02-16 07:58:07.872803 +00:00,,0 years 0 mons 0 days 0 hours 15 mins 0.0 secs,666666,222,223.2.2.1,37,,,,1,,false,0.00,
10,c766cc54-e149-44a6-8193-98f87b8e216c,hgf,1,1,1.00,7,1,2024-02-16 08:18:08.630163 +00:00,,0 years 0 mons 0 days 0 hours 15 mins 0.0 secs,666666,222,223.2.2.1,37,,,,1,,false,0.00,
11,1ee57665-fe2e-4092-803f-78d81ce3decd,sdf,1,6,1.00,7,1,2024-02-16 08:19:33.542993 +00:00,,0 years 0 mons 0 days 0 hours 15 mins 0.0 secs,666666,222,223.2.2.1,37,39,3,,1,,false,0.00,3
12,61158bf5-bc19-4736-9f72-038c98df2a9f,79869,1,5,4.97,17,1,2024-02-13 18:51:38.000000 +00:00,2024-02-14 18:54:38.000000 +00:00,0 years 0 mons 0 days 0 hours 15 mins 0.0 secs,1234567890123456,3989,192.168.1.1,37,19,2,2024-02-14 18:57:38.000000 +00:00,1,,false,0.00,
13,688b8d30-eefd-4681-9c14-1f1aaedece28,35328,2,6,46.34,47,1,2024-02-13 18:51:38.000000 +00:00,2024-02-14 18:54:38.000000 +00:00,0 years 0 mons 0 days 0 hours 15 mins 0.0 secs,1234567890123456,1866,192.168.1.1,37,19,2,2024-02-14 18:57:38.000000 +00:00,1,,false,0.00,
14,8843bab5-111a-4f3d-b1ea-0ee0a44f5aa1,87143,2,3,60.76,88,1,2024-02-13 18:51:38.000000 +00:00,2024-02-14 18:54:38.000000 +00:00,0 years 0 mons 0 days 0 hours 15 mins 0.0 secs,1234567890123456,6918,192.168.1.1,37,19,2,2024-02-14 18:57:38.000000 +00:00,1,,false,0.00,
15,d4250d80-12fd-4bb2-8285-0a21408c6ca8,36226,2,3,68.51,89,1,2024-02-13 18:51:38.000000 +00:00,2024-02-14 18:54:38.000000 +00:00,0 years 0 mons 0 days 0 hours 15 mins 0.0 secs,1234567890123456,7357,192.168.1.1,37,19,2,2024-02-14 18:57:38.000000 +00:00,1,,false,0.00,
16,4fcbcf0a-e39e-4866-8562-b3d436ce8132,18628,2,7,76.97,88,1,2024-02-13 18:51:38.000000 +00:00,2024-02-14 18:54:38.000000 +00:00,0 years 0 mons 0 days 0 hours 15 mins 0.0 secs,1234567890123456,7943,192.168.1.1,37,19,1,2024-02-14 18:57:38.000000 +00:00,1,,false,0.00,
17,a8738d5b-bd39-4284-b081-7c6963bc3eb1,22935,2,9,59.94,17,1,2024-02-13 18:51:38.000000 +00:00,2024-02-14 18:54:38.000000 +00:00,0 years 0 mons 0 days 0 hours 15 mins 0.0 secs,1234567890123456,8190,192.168.1.1,37,19,1,2024-02-14 18:57:38.000000 +00:00,1,,false,0.00,
18,52c963eb-cf4b-4ddb-8483-3164e7c4458d,29063,1,1,87.03,55,1,2024-02-13 18:51:38.000000 +00:00,2024-02-14 18:54:38.000000 +00:00,0 years 0 mons 0 days 0 hours 15 mins 0.0 secs,1234567890123456,8937,192.168.1.1,37,19,1,2024-02-14 18:57:38.000000 +00:00,1,,false,0.00,
19,a0aa31dc-ca1f-4762-9ec6-e49a9312766a,31433,2,3,36.06,62,1,2024-02-13 18:51:38.000000 +00:00,2024-02-14 18:54:38.000000 +00:00,0 years 0 mons 0 days 0 hours 15 mins 0.0 secs,1234567890123456,1210,192.168.1.1,37,19,1,2024-02-14 18:57:38.000000 +00:00,1,,false,0.00,
20,d759ac22-a6a3-4ada-b296-32a66ccb46aa,adfff,1,6,50.00,7,1,2024-02-16 08:43:34.704139 +00:00,,0 years 0 mons 0 days 0 hours 15 mins 0.0 secs,555555,34344,108.2.2.1,37,39,3,,1,,false,0.00,3
21,fcaeaccb-fe86-43cb-a8f8-c752986ac037,80526,2,8,59.50,34,1,2024-02-13 18:51:38.000000 +00:00,2024-02-14 18:54:38.000000 +00:00,0 years 0 mons 0 days 0 hours 15 mins 0.0 secs,1234567890123456,7716,192.168.1.1,37,19,1,2024-02-14 18:57:38.000000 +00:00,1,,false,0.00,
22,724b44c4-c433-46e5-93ba-db93a95d6ffd,90557,2,4,66.05,28,1,2024-02-13 18:51:38.000000 +00:00,2024-02-14 18:54:38.000000 +00:00,0 years 0 mons 0 days 0 hours 15 mins 0.0 secs,1234567890123456,3587,192.168.1.1,37,19,1,2024-02-14 18:57:38.000000 +00:00,1,,false,0.00,
23,82e61d52-2553-444d-b63d-73a504a18446,18098,1,8,11.58,91,1,2024-02-13 18:51:38.000000 +00:00,2024-02-14 18:54:38.000000 +00:00,0 years 0 mons 0 days 0 hours 15 mins 0.0 secs,1234567890123456,5469,192.168.1.1,37,19,1,2024-02-14 18:57:38.000000 +00:00,1,,false,0.00,
24,01dc878f-b047-48ca-9bc3-37da119927c0,86032,1,6,71.78,41,1,2024-02-13 18:51:38.000000 +00:00,2024-02-14 18:54:38.000000 +00:00,0 years 0 mons 0 days 0 hours 15 mins 0.0 secs,1234567890123456,8015,192.168.1.1,37,19,1,2024-02-14 18:57:38.000000 +00:00,1,,false,0.00,
25,1ea9bd60-689b-4cbe-b11c-2ca2fbe2ed7d,92685,1,3,51.41,59,1,2024-02-13 18:51:38.000000 +00:00,2024-02-14 18:54:38.000000 +00:00,0 years 0 mons 0 days 0 hours 15 mins 0.0 secs,1234567890123456,8491,192.168.1.1,37,19,1,2024-02-14 18:57:38.000000 +00:00,1,,false,0.00,
26,a3798bdf-f013-42c8-ac33-2143caf8d801,97369,1,2,97.21,27,1,2024-02-13 18:51:38.000000 +00:00,2024-02-14 18:54:38.000000 +00:00,0 years 0 mons 0 days 0 hours 15 mins 0.0 secs,1234567890123456,9152,192.168.1.1,37,19,1,2024-02-14 18:57:38.000000 +00:00,1,,false,0.00,
